{
  "speakers": [
    {
      "id": "1269",
      "first": "Foyou ",
      "last": "Miguel",
      "company": "Combi driver",
      "bio": "CEO Combi-driver software consultant and UX designer",
      "twitterHandle": "miguel_foyou",
      "favorite": true,
      "sat": true,
      "sum": false,
      "sessions": [
        {
          "id": "32",
          "title": "Design Thinking",
          "eventYear": "2010",
          "room": { "name": "Yaounde PrépaVogt", "capacity": 20 }
        },
        {
          "id": "58",
          "title": "Adobe XD Les bases",
          "eventYear": "2021",
          "room": { "name": "Meetin Online", "capacity": 50 }
        },
        {
          "id": "61",
          "title": "Design et Conception",
          "eventYear": "2019",
          "room": { "name": "Cornell Hall", "capacity": 100 }
        }
      ]
    },
    {
      "id": "8590",
      "first": "Arnold",
      "last": "Mpondo",
      "company": "Mpondo Entreprise",
      "bio": "Consultant, Fondateur de Mpondo Entreprise, Réseaux et Cloud",
      "twitterHandle": "arnol_mpondo",
      "favorite": false,
      "sat": false,
      "sum": false,
      "sessions": [
        {
          "id": "1011",
          "title": "Décomposition des applications pour l'évolutivité et la déployabilité",
          "eventYear": "2022",
          "room": { "name": "4306", "capacity": 100 }
        },
        {
          "id": "1133",
          "title": "Développer des applications de persistance polyglotte",
          "eventYear": "2019",
          "room": { "name": "5502", "capacity": 70 }
        }
      ]
    },
    {
      "id": "5443",
      "first": "Manang",
      "last": "Boris",
      "company": "Cabinet Manang et Associé",
      "bio": "Expert en relations internationales et études stratégiques",
      "twitterHandle": "boris_manang",
      "favorite": true,
      "sat": true,
      "sum": true,
      "sessions": [
        {
          "id": "676",
          "title": "L'Art de la guerre",
          "eventYear": "2011",
          "room": { "name": "8401", "capacity": 48 }
        },
        {
          "id": "677",
          "title": "Relation Internationnale et Strategie de Communication",
          "eventYear": "2020",
          "room": { "name": "Hotel Hilton", "capacity": 70 }
        },
        {
          "id": "859",
          "title": "Strategie de Communication",
          "eventYear": "2012",
          "room": { "name": "Douala Bali Hotel", "capacity": 110 }
        }
      ]
    },
    {
      "id": "1124",
      "first": "David",
      "last": "Perghaud",
      "company": "Dare Tech",
      "bio": "Hacking Éthique | Pentesting | Audit Informatique | Cybersécurité",
      "twitterHandle": "david_perghaud",
      "favorite": true,
      "sat": false,
      "sum": false,
      "sessions": [
        {
          "id": "12",
          "title": "Hacking Ethique et Prévention",
          "eventYear": "2022",
          "room": { "name": "Yaoundé Palais des Congres", "capacity": 23 }
        },
        {
          "id": "121",
          "title": "Audit informatique et Analyse des systèmes",
          "eventYear": "2021",
          "room": { "name": "Douala IT Center", "capacity": 30 }
        },
        {
          "id": "7569",
          "title": "You Can Count on Numbers",
          "eventYear": "2019",
          "room": { "name": "Town Square A", "capacity": 130 }
        }
      ]
    },
    {
      "id": "10801",
      "first": "Audrey",
      "last": "Djieto",
      "bio": "Aspiring Data Scientist | Machine Learning | AI",
      "company": "Kelley Blue Book",
      "twitterHandle": "hermine_audrey",
      "favorite": false,
      "sat": false,
      "sun": true,
      "sessions": [
        {
          "id": "1252",
          "title": "Data Mining Techniques",
          "eventYear": "2022",
          "room": { "name": "Université de Yaounde I", "capacity": 120 }
        },
        {
          "id": "1444",
          "title": "Introduction au Machine Learning",
          "eventYear": "2023",
          "room": { "name": "Paris France", "capacity": 50 }
        },
        {
          "id": "1445",
          "title": "AI pour tous",
          "eventYear": "2025",
          "room": { "name": "Sensio_labs Cameroun", "capacity": 50 }
        }
      ]
    },
    {
      "id": "47343",
      "first": "Balla Nga",
      "last": "Jose",
      "company": "Helios",
      "bio": "Network Administrator | Network SECURITY | Instructor Cisco CCNA R&S, CCNA security",
      "twitterHandle": "jose_balla",
      "favorite": true,
      "sat": true,
      "sum": true,
      "sessions": [
        {
          "id": "7548",
          "title": "Les bases du CCNA",
          "eventYear": "2021",
          "room": { "name": "CrazyLabs", "capacity": 130 }
        }
      ]
    },
    {
      "id": "14918",
      "first": "Tsango",
      "last": "Antione Junior",
      "company": "Stubshado",
      "bio": "LoRa technology enthusiast (LPWAN), NetWork Expert, Software Developer",
      "twitterHandle": "junior_antoine",
      "favorite": false,
      "sun": false,
      "sat": true,
      "sessions": [
        {
          "id": "4820",
          "title": "Innovation pour les  ingénieures",
          "eventYear": "2023",
          "room": { "name": "RE-311", "capacity": 68 }
        },
        {
          "id": "6012",
          "title": "L'internationalisation des startups",
          "eventYear": "2016",
          "room": { "name": "S-160", "capacity": 60 }
        }
      ]
    },
    {
      "id": "9393",
      "first": "Atemengue",
      "last": "Regis",
      "company": "Atemengue & Associés",
      "bio": "Analyste, Full Stack Développeur, Agripreneur, Freestyleur .",
      "twitterHandle": "regis_ate",
      "favorite": true,
      "sat": true,
      "sum": false,
      "sessions": [
        {
          "id": "7549",
          "title": "Premiers Pas avec React JS",
          "eventYear": "2021",
          "room": { "name": "Helios High Tech Academy", "capacity": 80 }
        }
      ]
    },
    {
      "id": "8367",
      "first": "Gweth",
      "last": "Lionel",
      "company": "Helios",
      "bio": "Cisco Trainer, Junior network and security Support | CCNP Enterprise | CCNA Security | Cyberops Associate",
      "twitterHandle": "lionel_gweth",
      "favorite": false,
      "sat": true,
      "sum": false,
      "sessions": [
        {
          "id": "944",
          "title": "Commencer avec Cisco",
          "eventYear": "2020",
          "room": { "name": "2HTA", "capacity": 20 }
        },
        {
          "id": "1086",
          "title": "Réseaux et Securité",
          "eventYear": "2013",
          "room": { "name": "2HTA", "capacity": 30 }
        }
      ]
    },
    {
      "id": "620",
      "first": "Nouyep",
      "last": "Steve",
      "company": "Seed Innov",
      "bio": "Ron teaches Object Oriented Analysis and Design at De Anza College ",
      "twitterHandle": "steve_nouyep",
      "favorite": false,
      "sat": false,
      "sum": false,
      "sessions": [
        {
          "id": "86",
          "title": "Education la base pour le développement",
          "eventYear": "2020",
          "room": { "name": "Yaounde Cameroun", "capacity": 0 }
        },
        {
          "id": "6089",
          "title": "Les 10 Repas de l'Esprit",
          "eventYear": "2020",
          "room": { "name": "Seed Innov", "capacity": 55 }
        },
        {
          "id": "7551",
          "title": "",
          "eventYear": "2019",
          "room": { "name": "Town Square B", "capacity": 130 }
        }
      ]
    },
    {
      "id": "621",
      "first": " Bekono",
      "last": "Liliane",
      "company": "Amazon",
      "bio": "Ron enseigne l'analyse et la conception orientées objet au College",
      "twitterHandle": "liliane_bekono",
      "favorite": false,
      "sat": false,
      "sum": false,
      "sessions": [
        {
          "id": "86",
          "title": "Les limitations de performances de la plate-forme Java ... et comment les éviter",
          "eventYear": "2008",
          "room": { "name": "Cornell Hall", "capacity": 0 }
        },
        {
          "id": "7440",
          "title": "Comment penser comme un architecte logiciel",
          "eventYear": "2023",
          "room": { "name": "Douala Tech Center", "capacity": 80 }
        }
      ]
    },
    {
      "id": "3450",
      "first": " Maga",
      "last": "Antione Ulrich",
      "company": "Propelize",
      "bio": " Gagnez en visibilité, notoriété et crédibilité 📌 Social Media Marketing / Copywriting / Stratégies Digitales / Créateur de contenu",
      "twitterHandle": "magazor",
      "favorite": false,
      "sat": true,
      "sum": true,
      "sessions": [
        {
          "id": "86",
          "title": "Art du Copywriting",
          "eventYear": "2020",
          "room": { "name": "Yaounde BeeHive", "capacity": 0 }
        },
        {
          "id": "7551",
          "title": "La route du digital Entrepreneur",
          "eventYear": "2021",
          "room": { "name": "CazyLabs", "capacity": 130 }
        }
      ]
    },
    {
      "id": "9394",
      "first": "Batende",
      "last": "James",
      "company": "LIS-SARL",
      "bio": "Responsable IT LIS-SARL | Anguler Expert | Java Expert | Management, Logistique, Transport",
      "twitterHandle": "james_bat",
      "favorite": false,
      "sessions": [
        {
          "id": "944",
          "title": "Comprendre les algorithmes",
          "eventYear": "2018",
          "room": {
            "name": "Crazylabs",
            "capacity": 30
          }
        }
      ]
    }
  ]
}
